children,smoker,region,charges
0,yes,southwest,16884.924
1,no,southeast,1725.5523
3,no,southeast,4449.462
0,no,northwest,21984.47061
0,no,northwest,3866.8552
0,no,southeast,3756.6216
1,no,southeast,8240.5896
3,no,northwest,7281.5056
2,no,northeast,6406.4107
0,no,northwest,28923.13692
0,no,northeast,2721.3208
0,yes,southeast,27808.7251
0,no,southwest,1826.843
0,no,southeast,11090.7178
0,yes,southeast,39611.7577
1,no,southwest,1837.237
1,no,northeast,10797.3362
0,no,northeast,2395.17155
0,no,southwest,10602.385
0,yes,southwest,36837.467
0,no,northeast,13228.84695
1,no,southwest,4149.736
0,no,southeast,1137.011
1,yes,northeast,37701.8768
2,no,northwest,6203.90175
3,no,southeast,14001.1338
0,no,northeast,14451.83515
2,no,northwest,12268.63225
1,no,northwest,2775.19215
2,yes,southwest,38711
0,yes,southwest,35585.576
0,no,northeast,2198.18985
5,no,southwest,4687.797
0,no,northwest,13770.0979
1,yes,southwest,51194.55914
0,no,northwest,1625.43375
3,no,northwest,15612.19335
0,no,southwest,2302.3
1,yes,northeast,39774.2763
0,yes,southwest,48173.361
0,no,northeast,3046.062
2,no,southeast,4949.7587
1,no,southeast,6272.4772
2,no,southeast,6313.759
1,no,northeast,6079.6715
0,no,southwest,20630.28351
2,no,northeast,3393.35635
0,no,northwest,3556.9223
0,no,southeast,12629.8967
1,yes,southeast,38709.176
0,no,northeast,2211.13075
2,no,northwest,3579.8287
1,yes,southwest,23568.272
0,yes,southeast,37742.5757
3,no,northwest,8059.6791
2,yes,northwest,47496.49445
2,no,northeast,13607.36875
2,yes,southeast,34303.1672
1,yes,southeast,23244.7902
2,no,northwest,5989.52365
3,no,northeast,8606.2174
4,no,southeast,4504.6624
1,no,northwest,30166.61817
1,no,northwest,4133.64165
0,yes,northwest,14711.7438
0,no,southwest,1743.214
2,no,southwest,14235.072
1,no,northwest,6389.37785
0,no,southeast,5920.1041
3,yes,southeast,17663.1442
0,yes,southeast,16577.7795
5,no,northeast,6799.458
3,no,southwest,11741.726
1,no,southeast,11946.6259
2,no,southwest,7726.854
0,no,northwest,11356.6609
1,no,southeast,3947.4131
0,no,southeast,1532.4697
0,no,northeast,2755.02095
0,no,northwest,6571.02435
1,no,northeast,4441.21315
0,no,northeast,7935.29115
1,yes,southeast,37165.1638
4,no,northwest,11033.6617
2,yes,southwest,39836.519
2,yes,northwest,21098.55405
0,yes,northwest,43578.9394
0,no,southwest,11073.176
0,no,northwest,8026.6666
0,no,northwest,11082.5772
0,no,southeast,2026.9741
1,no,northwest,10942.13205
3,yes,northeast,30184.9367
2,no,northwest,5729.0053
2,yes,southwest,47291.055
1,no,southeast,3766.8838
3,no,southwest,12105.32
0,no,southeast,10226.2842
0,yes,northeast,22412.6485
0,yes,southwest,15820.699
0,no,southwest,6186.127
0,no,northeast,3645.0894
0,no,northeast,21344.8467
3,yes,southeast,30942.1918
1,no,southwest,5003.853
1,yes,northwest,17560.37975
1,no,southwest,2331.519
2,no,northwest,3877.30425
0,no,southeast,2867.1196
0,yes,southeast,47055.5321
1,no,northwest,10825.2537
2,no,southwest,11881.358
0,no,southwest,4646.759
0,no,northwest,2404.7338
3,no,northeast,11488.31695
0,no,northeast,30259.99556
0,no,southeast,11381.3254
1,yes,southeast,19107.7796
0,no,southeast,8601.3293
2,no,northwest,6686.4313
2,no,southwest,7740.337
0,no,northeast,1705.6245
0,no,northwest,2257.47525
1,yes,northeast,39556.4945
3,no,northwest,10115.00885
0,no,northeast,3385.39915
0,yes,southwest,17081.08
0,no,southwest,9634.538
2,yes,northwest,32734.1863
2,no,southwest,6082.405
0,no,northeast,12815.44495
0,no,northeast,13616.3586
2,no,southwest,11163.568
0,no,northwest,1632.56445
0,no,northeast,2457.21115
0,no,southeast,2155.6815
0,no,southwest,1261.442
0,no,northwest,2045.68525
3,no,southeast,27322.73386
0,no,southwest,2166.732
2,no,northeast,27375.90478
1,no,northeast,3490.5491
2,yes,southeast,18972.495
2,no,northwest,18157.876
3,yes,northwest,20745.9891
3,no,southeast,5138.2567
3,yes,northwest,40720.55105
1,no,southeast,9877.6077
1,no,northwest,10959.6947
1,no,southwest,1842.519
1,no,northwest,5125.2157
0,no,southeast,7789.635
3,no,northeast,6334.34355
0,yes,northeast,19964.7463
1,no,northeast,7077.1894
0,no,northwest,6948.7008
0,yes,southeast,21223.6758
0,yes,northeast,15518.18025
0,yes,southeast,36950.2567
3,no,southeast,19749.38338
0,yes,northwest,21348.706
0,yes,southeast,36149.4835
1,no,southwest,10450.552
2,no,southwest,5152.134
0,no,northwest,5028.1466
4,no,northeast,10407.08585
5,no,southwest,4830.63
3,no,northwest,6128.79745
1,no,northwest,2719.27975
3,no,northeast,4827.90495
0,no,southeast,13405.3903
0,no,southwest,8116.68
0,no,northeast,1694.7964
1,no,southwest,5246.047
0,no,northwest,2855.43755
0,yes,southwest,48824.45
2,no,northwest,6455.86265
1,no,southwest,10436.096
2,no,southwest,8823.279
3,no,northeast,8538.28845
0,no,northwest,11735.87905
0,no,southeast,1631.8212
3,no,northeast,4005.4225
0,no,northwest,7419.4779
2,no,southeast,7731.4271
3,yes,northeast,43753.33705
2,no,southeast,3981.9768
3,no,southwest,5325.651
1,no,southwest,6775.961
2,no,northwest,4922.9159
0,no,southeast,12557.6053
0,no,southwest,4883.866
0,no,southeast,2137.6536
1,no,northwest,12044.342
0,no,southeast,1137.4697
0,no,northwest,1639.5631
0,no,southwest,5649.715
2,no,southeast,8516.829
0,no,northwest,9644.2525
0,no,northeast,14901.5167
0,no,northwest,2130.6759
1,no,southeast,8871.1517
0,no,northwest,13012.20865
0,yes,southeast,37133.8982
0,no,southwest,7147.105
1,no,northeast,4337.7352
0,no,southeast,11743.299
2,yes,northeast,20984.0936
0,no,southwest,13880.949
1,no,northeast,6610.1097
1,no,southwest,1980.07
4,no,northwest,8162.71625
2,no,northwest,3537.703
1,no,southeast,5002.7827
2,no,southwest,8520.026
2,no,southwest,7371.772
0,no,northwest,10355.641
0,no,southeast,2483.736
1,no,southeast,3392.9768
0,no,southeast,25081.76784
1,no,southwest,5012.471
0,no,northeast,10564.8845
3,no,southwest,5253.524
0,yes,southwest,34779.615
0,yes,southeast,19515.5416
3,no,southeast,11987.1682
0,no,southeast,2689.4954
0,no,southeast,24227.33724
1,no,northeast,7358.17565
2,no,northeast,9225.2564
1,no,northwest,7443.64305
3,no,southeast,14001.2867
0,no,southwest,1727.785
1,no,southwest,12333.828
2,no,northwest,6710.1919
2,yes,southeast,19444.2658
0,no,southeast,1615.7667
2,no,southeast,4463.2051
0,yes,northwest,17352.6803
1,no,southeast,7152.6714
2,yes,northeast,38511.6283
1,no,northeast,5354.07465
1,no,southwest,35160.13457
3,no,southwest,7196.867
0,yes,northeast,29523.1656
0,no,northwest,24476.47851
0,no,southeast,12648.7034
0,no,southeast,1986.9334
1,no,southwest,1832.094
1,no,northeast,4040.55825
2,yes,northeast,12829.4551
2,yes,southwest,47305.305
2,yes,southeast,44260.7499
3,no,southwest,4260.744
0,yes,northeast,41097.16175
3,no,northeast,13047.33235
0,yes,northwest,43921.1837
0,no,southeast,5400.9805
4,no,northwest,11520.09985
0,yes,northwest,33750.2918
0,no,southwest,11837.16
1,yes,southeast,17085.2676
3,yes,northeast,24869.8368
0,yes,northwest,36219.40545
3,no,southeast,20462.99766
3,yes,southeast,46151.1245
1,yes,southeast,17179.522
3,no,northeast,14590.63205
1,no,southwest,7441.053
1,no,northeast,9282.4806
1,no,southeast,1719.4363
2,yes,southwest,42856.838
2,no,northwest,7265.7025
1,no,northeast,9617.66245
0,no,northwest,2523.1695
2,no,northeast,9715.841
2,no,northwest,2803.69785
0,no,southwest,2150.469
2,no,southeast,12928.7911
1,no,southeast,9855.1314
1,yes,northeast,22331.5668
3,yes,northeast,48549.17835
1,no,northeast,4237.12655
1,no,northeast,11879.10405
0,no,southwest,9625.92
1,no,southeast,7742.1098
2,no,northeast,9432.9253
0,no,northwest,14256.1928
1,yes,northeast,47896.79135
3,no,southeast,25992.82104
0,no,southwest,3172.018
1,no,northeast,20277.80751
2,yes,southeast,42112.2356
0,no,southeast,2156.7518
3,no,southwest,3906.127
0,no,northeast,1704.5681
0,yes,southwest,16297.846
1,yes,southeast,21978.6769
3,yes,northwest,38746.3551
1,no,northwest,9249.4952
3,no,northeast,6746.7425
3,yes,northeast,24873.3849
2,no,southeast,12265.5069
2,no,southeast,4349.462
2,no,southwest,12646.207
2,no,northwest,19442.3535
2,no,southwest,20177.67113
1,no,southeast,4151.0287
0,no,northeast,11944.59435
2,no,northwest,7749.1564
0,no,southwest,8444.474
0,no,southwest,1737.376
3,yes,southeast,42124.5153
0,no,southeast,8124.4084
0,yes,southwest,34838.873
0,no,northeast,9722.7695
0,no,northwest,8835.26495
0,no,northeast,10435.06525
0,no,northwest,7421.19455
1,no,northeast,4667.60765
1,no,northwest,4894.7533
4,no,northeast,24671.66334
0,yes,southwest,35491.64
0,no,northeast,11566.30055
0,no,southwest,2866.091
1,no,northeast,6600.20595
1,no,southeast,3561.8889
2,yes,northwest,42760.5022
1,yes,southwest,47928.03
0,no,southwest,9144.565
1,yes,northeast,48517.56315
0,yes,northwest,24393.6224
0,no,northwest,13429.0354
0,no,northeast,11658.37915
2,no,northeast,19144.57652
0,no,southwest,13822.803
0,no,southeast,12142.5786
1,no,northwest,13937.6665
1,yes,northeast,41919.097
1,no,southeast,8232.6388
0,no,southwest,18955.22017
0,no,northwest,13352.0998
0,no,northeast,13217.0945
0,no,northeast,13981.85035
4,no,southeast,10977.2063
3,no,southeast,6184.2994
2,no,southeast,4889.9995
1,no,northeast,8334.45755
1,no,southeast,5478.0368
0,no,northwest,1635.73365
0,no,northwest,11830.6072
0,no,southwest,8932.084
0,no,southwest,3554.203
0,no,northeast,12404.8791
0,no,southeast,14133.03775
0,no,southwest,24603.04837
3,no,southeast,8944.1151
3,no,northwest,9620.3307
0,no,southeast,1837.2819
0,no,southeast,1607.5101
2,no,northeast,10043.249
1,no,southwest,4751.07
0,yes,southwest,13844.506
1,no,southwest,2597.779
2,no,southeast,3180.5101
1,no,northeast,9778.3472
3,no,northeast,13430.265
2,no,northwest,8017.06115
2,no,northwest,8116.26885
3,no,northeast,3481.868
0,no,northwest,13415.0381
0,no,northeast,12029.2867
1,no,northeast,7639.41745
2,yes,southwest,36085.219
0,no,southeast,1391.5287
0,yes,northwest,18033.9679
3,yes,northeast,21659.9301
0,yes,southeast,38126.2465
3,no,northwest,16455.70785
1,no,southeast,27000.98473
2,yes,northeast,15006.57945
0,yes,northeast,42303.69215
0,no,southeast,20781.48892
2,no,southeast,5846.9176
2,no,northeast,8302.53565
0,no,southwest,1261.859
0,no,southeast,11856.4115
2,no,northwest,30284.64294
0,no,northwest,3176.8159
3,no,northwest,4618.0799
4,no,northeast,10736.87075
0,no,northwest,2138.0707
1,no,northeast,8964.06055
1,no,northeast,9290.1395
2,no,northeast,9411.005
0,no,northwest,7526.70645
3,no,southwest,8522.003
0,no,southeast,16586.49771
2,no,southwest,14988.432
0,no,southeast,1631.6683
0,no,southwest,9264.797
1,no,southeast,8083.9198
0,no,northwest,14692.66935
3,no,northwest,10269.46
0,no,southwest,3260.199
2,no,northeast,11396.9002
0,no,southeast,4185.0979
1,no,southwest,8539.671
3,no,southeast,6652.5288
1,no,southeast,4074.4537
0,no,northwest,1621.3402
1,yes,northeast,19594.80965
2,yes,northeast,14455.64405
5,no,southwest,5080.096
0,no,northwest,2134.9015
1,no,southeast,7345.7266
0,no,southeast,9140.951
2,yes,southwest,18608.262
1,no,southeast,14418.2804
0,yes,northwest,28950.4692
0,yes,southeast,46889.2612
0,yes,southeast,46599.1084
1,yes,northeast,39125.33225
0,no,northeast,2727.3951
2,no,southwest,8968.33
5,no,southeast,9788.8659
1,no,northeast,6555.07035
0,no,northeast,7323.734819
1,no,northeast,3167.45585
3,no,northwest,18804.7524
0,no,southwest,23082.95533
2,no,northwest,4906.40965
0,no,southwest,5969.723
0,no,southwest,12638.195
1,no,northwest,4243.59005
3,no,southeast,13919.8229
0,no,northeast,2254.7967
3,no,southwest,5926.846
5,no,southeast,12592.5345
0,no,northeast,2897.3235
1,no,northwest,4738.2682
0,yes,southwest,37079.372
0,no,southeast,1149.3959
1,no,southeast,28287.89766
1,yes,northwest,26109.32905
0,no,southwest,7345.084
0,no,northeast,12730.9996
0,no,northwest,11454.0215
0,no,southwest,5910.944
1,no,southwest,4762.329
4,no,southwest,7512.267
1,no,northwest,4032.2407
0,no,southwest,1969.614
0,no,northwest,1769.53165
2,no,southeast,4686.3887
0,no,southwest,21797.0004
2,no,southeast,11881.9696
0,no,northwest,11840.77505
0,no,southwest,10601.412
3,no,southeast,7682.67
3,no,southeast,10381.4787
0,yes,southwest,22144.032
2,no,northeast,15230.32405
0,no,northeast,11165.41765
0,no,northwest,1632.03625
1,yes,southeast,19521.9682
1,no,southwest,13224.693
2,no,northwest,12643.3778
1,no,northeast,23288.9284
1,no,southeast,2201.0971
0,no,southeast,2497.0383
0,no,northeast,2203.47185
0,no,southwest,1744.465
0,no,northeast,20878.78443
3,yes,southwest,25382.297
1,yes,northwest,28868.6639
0,yes,northeast,35147.52848
0,no,northwest,2534.39375
0,no,southeast,1534.3045
0,no,southeast,1824.2854
3,no,northwest,15555.18875
2,no,southeast,9304.7019
0,no,southeast,1622.1885
1,no,southwest,9880.068
3,no,southwest,9563.029
0,no,northeast,4347.02335
3,no,northwest,12475.3513
0,no,southwest,1253.936
0,yes,southeast,48885.13561
1,no,northwest,10461.9794
0,no,southwest,1748.774
0,no,southeast,24513.09126
0,no,northeast,2196.4732
0,no,southwest,12574.049
4,yes,southwest,17942.106
0,no,northeast,1967.0227
2,no,southwest,4931.647
2,no,southwest,8027.968
2,no,southeast,8211.1002
0,no,southwest,13470.86
0,yes,southwest,36197.699
0,no,northeast,6837.3687
1,yes,southeast,22218.1149
0,yes,southeast,32548.3405
1,no,southeast,5974.3847
3,no,northwest,6796.86325
1,no,northwest,2643.2685
2,no,northwest,3077.0955
0,no,northeast,3044.2133
0,no,southwest,11455.28
1,no,northeast,11763.0009
0,no,southeast,2498.4144
0,no,northeast,9361.3268
0,no,southwest,1256.299
1,yes,southwest,21082.16
0,no,southwest,11362.755
1,no,southeast,27724.28875
2,no,northwest,8413.46305
1,no,southwest,5240.765
0,no,northeast,3857.75925
0,no,northeast,25656.57526
0,no,southeast,3994.1778
0,no,northeast,9866.30485
0,no,southeast,5397.6167
1,yes,southeast,38245.59327
0,no,southeast,11482.63485
2,no,northwest,24059.68019
1,no,southwest,9861.025
1,no,northeast,8342.90875
0,no,northeast,1708.0014
1,yes,southeast,48675.5177
0,no,northeast,14043.4767
2,no,southeast,12925.886
0,no,southeast,19214.70553
0,no,southeast,13831.1152
1,no,northeast,6067.12675
3,no,southwest,5972.378
2,no,southwest,8825.086
1,no,southeast,8233.0975
0,no,southeast,27346.04207
3,no,southwest,6196.448
2,no,southeast,3056.3881
0,no,southeast,13887.204
0,yes,southeast,63770.42801
0,no,northwest,10231.4999
2,yes,northwest,23807.2406
0,no,northeast,3268.84665
2,no,southwest,11538.421
0,no,northeast,3213.62205
0,yes,southeast,45863.205
0,no,southwest,13390.559
0,no,southeast,3972.9247
0,no,southwest,12957.118
2,no,northwest,11187.6567
0,no,northeast,17878.90068
2,no,southwest,3847.674
1,no,northeast,8334.5896
0,no,southeast,3935.1799
3,yes,northwest,39983.42595
0,no,northwest,1646.4297
2,no,northwest,9193.8385
0,no,northeast,10923.9332
0,no,southwest,2494.022
1,no,southeast,9058.7303
2,no,southeast,2801.2588
0,no,northwest,2128.43105
1,no,northwest,6373.55735
2,no,northwest,7256.7231
5,no,southwest,11552.904
2,yes,northwest,45702.02235
0,no,southwest,3761.292
1,no,southeast,2219.4451
2,no,southeast,4753.6368
1,no,northeast,31620.00106
2,no,northeast,13224.05705
0,no,northwest,12222.8983
0,no,southeast,1664.9996
1,yes,northeast,58571.07448
1,no,southwest,9724.53
0,no,northeast,3206.49135
1,no,northeast,12913.9924
0,no,northwest,1639.5631
2,no,southeast,6356.2707
1,no,southeast,17626.23951
0,no,southwest,1242.816
1,no,southeast,4779.6023
3,no,northeast,3861.20965
1,yes,northwest,43943.8761
0,no,northeast,13635.6379
1,no,southeast,5976.8311
0,no,southwest,11842.442
1,no,northwest,8428.0693
2,no,southeast,2566.4707
1,yes,northeast,15359.1045
0,no,southeast,5709.1644
1,no,northeast,8823.98575
2,no,southeast,7640.3092
1,no,northeast,5594.8455
2,no,southwest,7441.501
2,no,northwest,33471.97189
0,no,southeast,1633.0444
0,no,northwest,9174.13565
0,no,southwest,11070.535
3,no,southeast,16085.1275
0,yes,northwest,17468.9839
0,no,southeast,9283.562
0,no,northeast,3558.62025
0,yes,northwest,25678.77845
2,no,northeast,4435.0942
2,yes,southwest,39241.442
1,no,southeast,8547.6913
2,no,southwest,6571.544
0,no,northeast,2207.69745
3,no,northeast,6753.038
0,no,southeast,1880.07
1,yes,southeast,42969.8527
0,no,northeast,11658.11505
2,yes,southwest,23306.547
0,yes,southeast,34439.8559
0,no,southwest,10713.644
1,no,southwest,3659.346
4,yes,southwest,40182.246
1,no,southwest,9182.17
0,yes,northeast,34617.84065
0,no,northwest,12129.61415
0,no,northwest,3736.4647
3,no,northeast,6748.5912
1,no,southeast,11326.71487
0,no,southwest,11365.952
0,yes,northwest,42983.4585
1,no,southwest,10085.846
0,no,southwest,1977.815
0,no,southeast,3366.6697
2,no,northeast,7173.35995
1,no,southwest,9391.346
0,no,northeast,14410.9321
1,no,northwest,2709.1119
2,no,northeast,24915.04626
0,yes,northeast,20149.3229
4,no,southeast,12949.1554
5,no,southwest,6666.243
3,yes,northwest,32787.45859
0,no,northeast,13143.86485
3,no,northwest,4466.6214
2,no,southeast,18806.14547
3,no,northeast,10141.1362
1,no,northwest,6123.5688
3,no,northeast,8252.2843
0,no,northeast,1712.227
0,no,northeast,12430.95335
2,no,southeast,9800.8882
1,no,southeast,10579.711
0,no,southeast,8280.6227
2,no,southeast,8527.532
0,no,southeast,12244.531
2,yes,southeast,24667.419
1,no,southwest,3410.324
2,no,northwest,4058.71245
1,no,northeast,26392.26029
4,no,northeast,14394.39815
3,no,southeast,6435.6237
1,no,southeast,22192.43711
1,no,northeast,5148.5526
0,no,southeast,1136.3994
0,yes,southeast,27037.9141
2,yes,southeast,42560.4304
1,no,southwest,8703.456
2,yes,northwest,40003.33225
0,yes,northeast,45710.20785
1,no,southeast,6500.2359
3,no,southeast,4837.5823
0,no,northeast,3943.5954
0,no,southeast,4399.731
0,no,southeast,6185.3208
2,yes,southeast,46200.9851
0,no,northwest,7222.78625
3,no,southeast,12485.8009
3,yes,northwest,46130.5265
3,no,southwest,12363.547
2,no,northwest,10156.7832
1,no,southwest,2585.269
0,no,southwest,1242.26
2,yes,southwest,40103.89
0,no,northwest,9863.4718
1,no,southwest,4766.022
2,no,northeast,11244.3769
2,no,northeast,7729.64575
0,no,southeast,5438.7491
1,no,southwest,26236.57997
1,yes,southeast,34806.4677
0,no,northeast,2104.1134
1,no,southwest,8068.185
1,no,northwest,2362.22905
0,no,northwest,2352.96845
1,no,southwest,3577.999
0,no,northwest,3201.24515
2,no,northeast,29186.48236
1,yes,southeast,40273.6455
0,no,northwest,10976.24575
2,no,southeast,3500.6123
0,no,southeast,2020.5523
0,no,northeast,9541.69555
0,no,southeast,9504.3103
1,no,northwest,5385.3379
1,no,northwest,8930.93455
2,no,southwest,5375.038
0,yes,southeast,44400.4064
3,no,northwest,10264.4421
3,no,northeast,6113.23105
0,no,northeast,5469.0066
1,no,southeast,1727.54
2,no,southeast,10107.2206
2,no,northwest,8310.83915
0,no,northeast,1984.4533
0,no,southwest,2457.502
0,no,southwest,12146.971
1,no,northwest,9566.9909
1,no,northwest,13112.6048
2,no,northwest,10848.1343
0,no,northwest,12231.6136
0,no,northeast,9875.6804
3,no,southwest,11264.541
0,no,southwest,12979.358
0,no,southwest,1263.249
1,no,northeast,10106.13425
3,yes,southeast,40932.4295
1,no,northwest,6664.68595
1,yes,northeast,16657.71745
0,no,northeast,2217.6012
1,no,southeast,6781.3542
3,yes,southeast,19361.9988
1,no,southwest,10065.413
3,no,southwest,4234.927
1,no,northeast,9447.25035
3,no,southwest,14007.222
1,no,northwest,9583.8933
0,yes,southeast,40419.0191
2,no,southwest,3484.331
3,yes,northeast,36189.1017
2,yes,southwest,44585.45587
2,no,northeast,8604.48365
0,yes,southeast,18246.4955
0,yes,northeast,43254.41795
0,no,southeast,3757.8448
0,no,northwest,8827.2099
1,no,northwest,9910.35985
2,no,southwest,11737.84884
0,no,northwest,1627.28245
1,no,southwest,8556.907
0,no,northwest,3062.50825
0,yes,southeast,19539.243
0,no,northwest,1906.35825
0,no,northwest,14210.53595
0,no,southeast,11833.7823
4,no,northeast,17128.42608
2,no,northeast,5031.26955
3,no,northeast,7985.815
0,yes,southeast,23065.4207
3,no,northeast,5428.7277
0,yes,southeast,36307.7983
2,no,northeast,3925.7582
1,no,southwest,2416.955
1,yes,southwest,19040.876
0,no,northeast,3070.8087
2,no,northeast,9095.06825
0,no,northwest,11842.62375
1,no,southwest,8062.764
1,no,southwest,7050.642
0,no,southwest,14319.031
2,no,northwest,6933.24225
3,no,southwest,27941.28758
2,no,southwest,11150.78
0,no,northeast,12797.20962
0,yes,northwest,17748.5062
2,no,northwest,7261.741
3,no,southeast,10560.4917
2,no,northwest,6986.697
0,no,northeast,7448.40395
3,no,southeast,5934.3798
0,no,northwest,9869.8102
3,yes,southwest,18259.216
0,no,southeast,1146.7966
1,no,southeast,9386.1613
1,yes,southwest,24520.264
1,no,southeast,4350.5144
3,no,southwest,6414.178
0,no,northeast,12741.16745
0,no,northwest,1917.3184
3,no,northeast,5209.57885
0,no,southeast,13457.9608
0,no,southeast,5662.225
0,no,southwest,1252.407
0,no,northeast,2731.9122
0,yes,southeast,21195.818
2,no,northwest,7209.4918
0,yes,northwest,18310.742
2,no,southeast,4266.1658
1,no,northeast,4719.52405
0,no,southwest,11848.141
0,yes,northeast,17904.52705
1,no,southeast,7046.7222
0,no,southeast,14313.8463
1,no,southwest,2103.08
0,yes,southeast,38792.6856
0,no,southeast,1815.8759
0,no,northwest,7731.85785
1,no,northwest,28476.73499
0,no,northwest,2136.88225
0,no,southeast,1131.5066
1,no,northeast,3309.7926
3,no,southwest,9414.92
3,no,northwest,6360.9936
2,no,southeast,11013.7119
2,no,northeast,4428.88785
2,no,southeast,5584.3057
0,no,southeast,1877.9294
0,no,northwest,2842.76075
3,no,southwest,3597.596
1,yes,northeast,23401.30575
0,yes,northwest,55135.40209
1,no,southwest,7445.918
0,no,northwest,2680.9493
0,no,southeast,1621.8827
2,no,southeast,8219.2039
0,no,northwest,12523.6048
2,no,northeast,16069.08475
2,yes,southeast,43813.8661
1,yes,northeast,20773.62775
3,yes,northeast,39597.4072
1,no,northwest,6117.4945
0,no,southwest,13393.756
0,no,northwest,5266.3656
2,no,northwest,4719.73655
0,no,northwest,11743.9341
1,no,northwest,5377.4578
2,no,southeast,7160.3303
0,no,southwest,4402.233
0,no,northeast,11657.7189
2,no,northeast,6402.29135
0,no,northwest,12622.1795
0,no,southwest,1526.312
0,no,northeast,12323.936
2,yes,southeast,36021.0112
0,yes,southeast,27533.9129
0,no,northeast,10072.05505
0,yes,southeast,45008.9555
1,no,southwest,9872.701
1,no,southeast,2438.0552
0,no,southwest,2974.126
0,no,northwest,10601.63225
0,yes,northeast,37270.1512
2,no,northwest,14119.62
0,yes,northeast,42111.6647
2,no,northeast,11729.6795
3,yes,northeast,24106.91255
0,no,southwest,1875.344
0,yes,southeast,40974.1649
0,yes,northwest,15817.9857
1,no,southeast,18218.16139
0,no,southwest,10965.446
2,yes,southwest,46113.511
3,no,southwest,7151.092
2,no,northwest,12269.68865
0,no,northeast,5458.04645
0,no,southwest,8782.469
2,no,southwest,6600.361
0,no,southeast,1141.4451
1,no,southwest,11576.13
0,no,northeast,13129.60345
3,no,southwest,4391.652
0,no,southwest,8457.818
1,no,southeast,3392.3652
0,no,southeast,5966.8874
1,no,southwest,6849.026
3,no,northeast,8891.1395
0,no,northwest,2690.1138
1,no,southwest,26140.3603
5,no,southeast,6653.7886
1,no,southwest,6282.235
2,no,southwest,6311.952
3,no,southwest,3443.064
1,no,northwest,2789.0574
0,no,northeast,2585.85065
3,yes,northeast,46255.1125
4,no,northwest,4877.98105
1,yes,southeast,19719.6947
0,yes,northeast,27218.43725
0,no,northwest,5272.1758
0,no,southwest,1682.597
1,no,northwest,11945.1327
0,yes,northwest,29330.98315
4,no,southeast,7243.8136
0,no,northeast,10422.91665
2,yes,southeast,44202.6536
0,no,northeast,13555.0049
0,no,southwest,13063.883
2,yes,northeast,19798.05455
1,no,northwest,2221.56445
0,no,southeast,1634.5734
0,no,northwest,2117.33885
0,no,northeast,8688.85885
0,yes,southeast,48673.5588
3,no,northeast,4661.28635
0,no,southeast,8125.7845
0,no,southwest,12644.589
2,no,northeast,4564.19145
3,no,northeast,4846.92015
1,no,southeast,7633.7206
3,no,southwest,15170.069
0,yes,southwest,17496.306
1,no,northwest,2639.0429
0,yes,northeast,33732.6867
3,no,northwest,14382.70905
1,no,southwest,7626.993
2,no,northwest,5257.50795
0,no,southeast,2473.3341
0,yes,northwest,21774.32215
0,yes,northeast,35069.37452
0,no,southwest,13041.921
1,no,southeast,5245.2269
0,no,southwest,13451.122
0,no,southwest,13462.52
1,no,southwest,5488.262
0,no,northwest,4320.41085
0,no,southwest,6250.435
2,no,northeast,25333.33284
2,no,southwest,2913.569
1,no,southwest,12032.326
0,no,southeast,13470.8044
1,no,southeast,6289.7549
1,no,southeast,2927.0647
1,no,southwest,6238.298
5,no,southwest,10096.97
0,no,southwest,7348.142
2,no,southeast,4673.3922
0,no,southwest,12233.828
2,no,northeast,32108.66282
5,no,northwest,8965.79575
2,no,southeast,2304.0022
0,no,southeast,9487.6442
0,no,southeast,1121.8739
1,no,southeast,9549.5651
0,no,northeast,2217.46915
0,no,northwest,1628.4709
0,no,southeast,12982.8747
1,no,southwest,11674.13
2,no,southwest,7160.094
1,yes,northeast,39047.285
0,no,northwest,6358.77645
3,yes,southwest,19933.458
0,no,northeast,11534.87265
2,yes,southeast,47462.894
1,no,northwest,4527.18295
2,yes,southwest,38998.546
1,yes,northwest,20009.63365
1,no,southeast,3875.7341
1,yes,southeast,41999.52
1,no,northwest,12609.88702
1,yes,northeast,41034.2214
1,no,northwest,28468.91901
1,no,northwest,2730.10785
0,no,southwest,3353.284
1,no,southeast,14474.675
3,no,northeast,9500.57305
2,no,northwest,26467.09737
1,no,southwest,4746.344
2,yes,northwest,23967.38305
1,no,northwest,7518.02535
2,no,northeast,3279.86855
5,no,southeast,8596.8278
3,no,southeast,10702.6424
0,no,northeast,4992.3764
0,no,northwest,2527.81865
0,no,southwest,1759.338
0,no,southeast,2322.6218
0,yes,northeast,16138.76205
0,no,southeast,7804.1605
1,no,southeast,2902.9065
3,no,northeast,9704.66805
0,no,southeast,4889.0368
1,no,northeast,25517.11363
0,no,northeast,4500.33925
3,yes,southwest,19199.944
1,no,northeast,16796.41194
5,no,northeast,4915.05985
1,no,southwest,7624.63
3,no,northwest,8410.04685
1,no,northwest,28340.18885
0,no,northeast,4518.82625
0,yes,northeast,14571.8908
1,no,southwest,3378.91
2,no,northeast,7144.86265
2,no,southwest,10118.424
1,no,southeast,5484.4673
3,yes,northwest,16420.49455
3,no,northeast,7986.47525
3,no,southwest,7418.522
0,no,southeast,13887.9685
3,no,northeast,6551.7501
0,no,northwest,5267.81815
2,yes,northwest,17361.7661
0,yes,southwest,34472.841
0,no,southwest,1972.95
0,no,southwest,21232.18226
1,no,northeast,8627.5411
2,no,northwest,4433.3877
2,no,northeast,4438.2634
3,yes,northwest,24915.22085
2,no,northeast,23241.47453
1,no,northeast,9957.7216
0,no,southwest,8269.044
2,yes,southeast,18767.7377
4,no,southeast,36580.28216
1,no,northwest,8765.249
0,no,southwest,5383.536
0,no,northwest,12124.9924
1,no,northwest,2709.24395
2,no,southwest,3987.926
3,no,northwest,12495.29085
2,no,northwest,26018.95052
0,no,southwest,8798.593
3,yes,southeast,35595.5898
1,yes,southeast,42211.1382
1,no,southeast,1711.0268
1,no,southeast,8569.8618
0,no,southwest,2020.177
1,yes,northwest,16450.8947
0,no,northwest,21595.38229
0,no,southwest,9850.432
2,no,northeast,6877.9801
1,yes,northwest,21677.28345
0,yes,southeast,44423.803
0,no,northeast,4137.5227
0,yes,northeast,13747.87235
0,no,northwest,12950.0712
3,no,southwest,12094.478
2,yes,southeast,37484.4493
1,yes,northwest,39725.51805
0,no,northeast,2250.8352
2,no,northwest,22493.65964
0,yes,northwest,20234.85475
0,no,northeast,1704.70015
0,yes,northeast,33475.81715
0,no,southwest,3161.454
1,no,northeast,11394.06555
2,yes,northwest,21880.82
0,no,northeast,7325.0482
1,yes,southeast,44501.3982
1,no,northwest,3594.17085
0,yes,southwest,39727.614
1,no,northwest,8023.13545
0,no,northeast,14394.5579
1,no,northeast,9288.0267
3,yes,southwest,25309.489
0,no,northwest,3353.4703
0,no,northwest,10594.50155
0,no,southwest,8277.523
0,no,southeast,17929.30337
0,no,southeast,2480.9791
1,no,northwest,4462.7218
0,no,southeast,1981.5819
1,no,southeast,11554.2236
1,yes,southeast,48970.2476
3,no,northwest,6548.19505
4,no,southwest,5708.867
1,no,southwest,7045.499
2,no,southeast,8978.1851
0,no,northeast,5757.41345
1,no,northwest,14349.8544
1,no,southeast,10928.849
1,yes,southeast,39871.7043
0,no,northeast,13974.45555
0,no,northwest,1909.52745
2,no,northeast,12096.6512
0,no,northeast,13204.28565
1,no,southeast,4562.8421
1,no,southwest,8551.347
0,no,northeast,2102.2647
0,yes,southeast,34672.1472
3,no,southeast,15161.5344
2,no,southeast,11884.04858
1,no,northwest,4454.40265
1,no,northwest,5855.9025
1,no,southwest,4076.497
2,no,northwest,15019.76005
5,yes,southwest,19023.26
0,no,northeast,10796.35025
0,no,northwest,11353.2276
1,no,southeast,9748.9106
0,no,southwest,10577.087
0,yes,southeast,41676.0811
0,no,northeast,11286.5387
3,no,southwest,3591.48
0,yes,northwest,33907.548
4,no,southwest,11299.343
4,no,northeast,4561.1885
2,yes,northeast,44641.1974
0,no,southeast,1674.6323
0,no,northeast,23045.56616
1,no,southeast,3227.1211
2,yes,northeast,16776.30405
3,no,southwest,11253.421
1,no,southeast,3471.4096
0,no,southeast,11363.2832
0,no,southwest,20420.60465
0,no,southeast,10338.9316
0,no,northwest,8988.15875
2,no,northwest,10493.9458
1,no,southwest,2904.088
3,no,southeast,8605.3615
1,no,northeast,11512.405
3,yes,southeast,41949.2441
3,yes,southeast,24180.9335
3,no,northwest,5312.16985
0,no,northeast,2396.0959
1,no,southeast,10807.4863
5,no,northeast,9222.4026
2,yes,southeast,36124.5737
1,yes,southeast,38282.7495
3,no,northwest,5693.4305
0,yes,southwest,34166.273
2,no,southeast,8347.1643
3,yes,northwest,46661.4424
1,no,northeast,18903.49141
1,yes,northeast,40904.1995
0,no,northwest,14254.6082
0,no,southwest,10214.636
2,no,southeast,5836.5204
1,no,southwest,14358.36437
0,no,southwest,1728.897
5,no,southeast,8582.3023
2,no,southwest,3693.428
0,no,northeast,20709.02034
0,no,northwest,9991.03765
0,no,northwest,19673.33573
3,no,northwest,11085.5868
1,no,southwest,7623.518
0,no,northwest,3176.2877
0,no,southeast,3704.3545
0,yes,northwest,36898.73308
1,no,southeast,9048.0273
3,no,southwest,7954.517
0,no,southeast,27117.99378
2,no,southeast,6338.0756
2,no,southwest,9630.397
3,no,northwest,11289.10925
0,yes,southwest,52590.82939
0,no,northwest,2261.5688
1,no,southwest,10791.96
0,no,southwest,5979.731
0,no,northeast,2203.73595
0,no,northwest,12235.8392
3,yes,southeast,40941.2854
1,no,northwest,5630.45785
4,no,northwest,11015.1747
3,no,northeast,7228.21565
0,yes,southeast,39722.7462
2,no,northwest,14426.07385
0,no,northeast,2459.7201
0,no,southwest,3989.841
1,no,northwest,7727.2532
2,no,southeast,5124.1887
1,no,southeast,18963.17192
0,no,northeast,2200.83085
1,no,northwest,7153.5539
0,no,northeast,5227.98875
0,no,southeast,10982.5013
2,no,southwest,4529.477
2,no,southwest,4670.64
1,no,northwest,6112.35295
1,yes,northeast,17178.6824
2,yes,southwest,22478.6
0,no,southeast,11093.6229
2,no,northwest,6457.8434
2,no,northwest,4433.9159
0,no,southwest,2154.361
1,yes,northwest,23887.6627
1,no,southwest,6496.886
0,no,northeast,2899.48935
0,yes,southeast,19350.3689
1,no,northeast,7650.77375
0,no,northwest,2850.68375
0,no,southwest,2632.992
1,no,northeast,9447.3824
1,yes,southeast,18328.2381
2,no,northeast,8603.8234
3,yes,northwest,37465.34375
0,no,northwest,13844.7972
1,yes,northeast,21771.3423
0,no,southwest,13126.67745
2,no,northwest,5327.40025
1,no,northeast,13725.47184
1,no,northeast,13019.16105
0,no,northwest,8671.19125
0,no,northwest,4134.08245
3,no,northwest,18838.70366
0,yes,northwest,33307.5508
0,no,southeast,5699.8375
1,no,northwest,6393.60345
2,no,southwest,4934.705
2,no,northwest,6198.7518
2,no,northwest,8733.22925
0,no,northwest,2055.3249
1,no,northeast,9964.06
3,yes,southeast,18223.4512
1,no,northwest,5116.5004
2,no,southwest,36910.60803
2,yes,southwest,38415.474
1,yes,northeast,20296.86345
1,no,southwest,12347.172
1,no,northwest,5373.36425
2,no,southeast,23563.01618
0,no,northeast,1702.4553
2,no,southwest,10806.839
1,no,northwest,3956.07145
0,no,northeast,12890.05765
0,no,southeast,5415.6612
2,no,southeast,4058.1161
1,yes,southwest,41661.602
3,no,northwest,7537.1639
1,no,northeast,4718.20355
2,no,southeast,6593.5083
0,no,southeast,8442.667
0,yes,southeast,26125.67477
1,no,northeast,6858.4796
1,no,southeast,4795.6568
2,no,northeast,6640.54485
2,no,southeast,7162.0122
0,no,southeast,10594.2257
0,no,northeast,11938.25595
3,yes,northwest,60021.39897
0,yes,southwest,20167.33603
3,no,northwest,12479.70895
0,no,southwest,11345.519
2,no,southeast,8515.7587
0,no,northwest,2699.56835
0,no,northeast,14449.8544
0,no,northwest,12224.35085
3,no,northeast,6985.50695
1,no,southeast,3238.4357
2,yes,southeast,47269.854
2,yes,southeast,49577.6624
3,no,northwest,4296.2712
0,no,southeast,3171.6149
0,no,southeast,1135.9407
5,no,southwest,5615.369
3,no,southwest,9101.798
4,no,southwest,6059.173
0,no,southeast,1633.9618
1,yes,northeast,37607.5277
0,yes,northeast,18648.4217
0,no,southwest,1241.565
0,yes,southwest,16232.847
4,no,southwest,15828.82173
0,no,southeast,4415.1588
0,no,southwest,6474.013
3,no,northwest,11436.73815
1,no,northwest,11305.93455
3,no,northwest,30063.58055
0,no,northeast,10197.7722
0,no,northeast,4544.2348
1,no,southwest,3277.161
1,no,southeast,6770.1925
1,no,southwest,7337.748
2,no,northeast,10370.91255
0,yes,southeast,26926.5144
0,no,southwest,10704.47
0,yes,northeast,34254.05335
0,no,southwest,1880.487
3,no,southwest,8615.3
1,no,northwest,3292.52985
0,no,northwest,3021.80915
5,no,southeast,14478.33015
1,no,southeast,4747.0529
0,yes,southeast,17043.3414
0,no,southwest,10959.33
0,no,northeast,2741.948
0,no,northwest,4357.04365
1,yes,northeast,22462.04375
2,no,northwest,4189.1131
0,no,southeast,8283.6807
2,yes,northwest,24535.69855
0,yes,northeast,14283.4594
1,no,southeast,1720.3537
1,yes,southwest,47403.88
0,no,northeast,8534.6718
0,no,northeast,3732.6251
1,no,southwest,5472.449
2,yes,southwest,38344.566
1,no,southeast,7147.4728
2,no,northeast,7133.9025
0,yes,southwest,34828.654
0,no,southeast,1515.3449
3,no,northwest,9301.89355
0,no,northeast,11931.12525
1,no,southwest,1964.78
0,no,northeast,1708.92575
2,no,southeast,4340.4409
2,no,northwest,5261.46945
1,no,northwest,2710.82855
0,yes,southeast,62592.87309
3,yes,northwest,46718.16325
1,no,southwest,3208.787
0,yes,southwest,37829.7242
2,yes,northeast,21259.37795
0,no,southeast,2464.6188
0,yes,northeast,16115.3045
4,yes,northwest,21472.4788
0,yes,southwest,33900.653
2,no,southwest,6875.961
1,no,northwest,6940.90985
0,no,northwest,4571.41305
1,no,southwest,4536.259
2,yes,southwest,36397.576
3,yes,northwest,18765.87545
1,no,northeast,11272.33139
0,no,southwest,1731.677
0,no,southeast,1163.4627
4,no,northeast,19496.71917
2,no,northwest,7201.70085
3,no,northwest,5425.02335
0,yes,northeast,28101.33305
0,no,southeast,12981.3457
2,yes,southeast,43896.3763
1,no,northwest,4239.89265
0,no,northeast,13143.33665
0,no,northeast,7050.0213
1,no,southeast,9377.9047
2,no,northeast,22395.74424
2,no,southwest,10325.206
2,no,southeast,12629.1656
0,no,southwest,10795.93733
3,no,southwest,11411.685
3,no,northwest,10600.5483
0,no,northeast,2205.9808
0,no,southeast,1629.8335
0,no,southwest,2007.945
0,yes,northwest,29141.3603